{
  "assetsByChunkName": {
    "vendors~app-account~app-confirmation~app-order": "chunk.39eb41929ddd874051c5.js",
    "vendors~app-account~app-checkout": "chunk.5624ffb92170aeaad995.js",
    "vendors~app-cart~app-checkout": "chunk.d4c40aa6f63871515e53.js",
    "admin": [
      "admin.402d05e80ea99497b2b0.js",
      "admin.402d05e80ea99497b2b0.js.map"
    ],
    "app-account": "chunk.e030bcc8e796487ed353.js",
    "app-cart": "chunk.37f3d703eb23860fd051.js",
    "app-checkout": "chunk.d7e6b1a3c13f9448deb0.js",
    "app-confirmation": "chunk.e1af9aa1d95f6ea39f6f.js",
    "checkout": [
      "checkout.6dc4c67fae75ef9a88be.js",
      "checkout.6dc4c67fae75ef9a88be.js.map"
    ],
    "storefront": [
      "storefront.f8b0c04662b5ef69b272.css",
      "storefront.958b5c33ca4efb64c83c.js",
      "storefront.f8b0c04662b5ef69b272.css.map",
      "storefront.958b5c33ca4efb64c83c.js.map"
    ],
    "vendors~app-cart": "chunk.2b53d4a3199113c06d1f.js",
    "vendors~app-order": "chunk.d103bd89f59ce63c7ba6.js"
  }
}