{
  "youtube": "https://www.youtube.com/channel/UCZuTItx9_AbHw0y1VJYIPrA",
  "facebook": "https://www.facebook.com/conexao.home.sp",
  "phone": "(11) 3294-0706",
  "doc_number": "03.505.850/0001-30",
  "whatsapp": "",
  "instagram": "https://www.instagram.com/conexao_home/",
  "twitter": "",
  "address": "Endereço: AV. São João, 1915/1907, Santa Cecília, CEP: 01211-100. Horário de atendimento: 9h00 ás 18h00 de Segunda a Sexta - Feira",
  "tiktok": "",
  "pinterest": "https://pin.it/r39eLwj",
  "email": "sac@conexaohome.com.br "
}